player_name,player_id,current_team,position,candidate_type,expected_salary,salary_source,source_note
AJ Green,1631260,MIL,,trade_target,2301587.0,Basketball-Reference contracts (https://www.basketball-reference.com/contracts/players.html) (pulled 2026-06-24),"Pool: real nba_api rotation players (latest season, >= 1000 min, excluding PHI). Salary matched from Basketball-Reference contracts."
Aaron Gordon,203932,DEN,,trade_target,22841455.0,Basketball-Reference contracts (https://www.basketball-reference.com/contracts/players.html) (pulled 2026-06-24),"Pool: real nba_api rotation players (latest season, >= 1000 min, excluding PHI). Salary matched from Basketball-Reference contracts."
Aaron Nesmith,1630174,IND,,trade_target,11000000.0,Basketball-Reference contracts (https://www.basketball-reference.com/contracts/players.html) (pulled 2026-06-24),"Pool: real nba_api rotation players (latest season, >= 1000 min, excluding PHI). Salary matched from Basketball-Reference contracts."
Aaron Wiggins,1630598,OKC,,trade_target,10102803.0,Basketball-Reference contracts (https://www.basketball-reference.com/contracts/players.html) (pulled 2026-06-24),"Pool: real nba_api rotation players (latest season, >= 1000 min, excluding PHI). Salary matched from Basketball-Reference contracts."
Ace Bailey,1642846,UTA,,trade_target,9069840.0,Basketball-Reference contracts (https://www.basketball-reference.com/contracts/players.html) (pulled 2026-06-24),"Pool: real nba_api rotation players (latest season, >= 1000 min, excluding PHI). Salary matched from Basketball-Reference contracts."
Ajay Mitchell,1642349,OKC,,trade_target,3000000.0,Basketball-Reference contracts (https://www.basketball-reference.com/contracts/players.html) (pulled 2026-06-24),"Pool: real nba_api rotation players (latest season, >= 1000 min, excluding PHI). Salary matched from Basketball-Reference contracts."
Alex Caruso,1627936,OKC,,trade_target,18102000.0,Basketball-Reference contracts (https://www.basketball-reference.com/contracts/players.html) (pulled 2026-06-24),"Pool: real nba_api rotation players (latest season, >= 1000 min, excluding PHI). Salary matched from Basketball-Reference contracts."
Alex Sarr,1642259,WAS,,trade_target,11808240.0,Basketball-Reference contracts (https://www.basketball-reference.com/contracts/players.html) (pulled 2026-06-24),"Pool: real nba_api rotation players (latest season, >= 1000 min, excluding PHI). Salary matched from Basketball-Reference contracts."
Alperen Sengun,1630578,HOU,,trade_target,33944954.0,Basketball-Reference contracts (https://www.basketball-reference.com/contracts/players.html) (pulled 2026-06-24),"Pool: real nba_api rotation players (latest season, >= 1000 min, excluding PHI). Salary matched from Basketball-Reference contracts."
Amen Thompson,1641708,HOU,,trade_target,9690600.0,Basketball-Reference contracts (https://www.basketball-reference.com/contracts/players.html) (pulled 2026-06-24),"Pool: real nba_api rotation players (latest season, >= 1000 min, excluding PHI). Salary matched from Basketball-Reference contracts."
Andrew Nembhard,1629614,IND,,trade_target,18102000.0,Basketball-Reference contracts (https://www.basketball-reference.com/contracts/players.html) (pulled 2026-06-24),"Pool: real nba_api rotation players (latest season, >= 1000 min, excluding PHI). Salary matched from Basketball-Reference contracts."
Andrew Wiggins,203952,MIA,,trade_target,28223215.0,Basketball-Reference contracts (https://www.basketball-reference.com/contracts/players.html) (pulled 2026-06-24),"Pool: real nba_api rotation players (latest season, >= 1000 min, excluding PHI). Salary matched from Basketball-Reference contracts."
Anfernee Simons,1629014,CHI,,trade_target,27678571.0,Basketball-Reference contracts (https://www.basketball-reference.com/contracts/players.html) (pulled 2026-06-24),"Pool: real nba_api rotation players (latest season, >= 1000 min, excluding PHI). Salary matched from Basketball-Reference contracts."
Anthony Black,1641710,ORL,,trade_target,7970280.0,Basketball-Reference contracts (https://www.basketball-reference.com/contracts/players.html) (pulled 2026-06-24),"Pool: real nba_api rotation players (latest season, >= 1000 min, excluding PHI). Salary matched from Basketball-Reference contracts."
Anthony Edwards,1630162,MIN,,trade_target,45550512.0,Basketball-Reference contracts (https://www.basketball-reference.com/contracts/players.html) (pulled 2026-06-24),"Pool: real nba_api rotation players (latest season, >= 1000 min, excluding PHI). Salary matched from Basketball-Reference contracts."
Ausar Thompson,1641709,DET,,trade_target,8775000.0,Basketball-Reference contracts (https://www.basketball-reference.com/contracts/players.html) (pulled 2026-06-24),"Pool: real nba_api rotation players (latest season, >= 1000 min, excluding PHI). Salary matched from Basketball-Reference contracts."
Austin Reaves,1630559,LAL,,trade_target,13937574.0,Basketball-Reference contracts (https://www.basketball-reference.com/contracts/players.html) (pulled 2026-06-24),"Pool: real nba_api rotation players (latest season, >= 1000 min, excluding PHI). Salary matched from Basketball-Reference contracts."
Ayo Dosunmu,1630245,MIN,,trade_target,7518518.0,Basketball-Reference contracts (https://www.basketball-reference.com/contracts/players.html) (pulled 2026-06-24),"Pool: real nba_api rotation players (latest season, >= 1000 min, excluding PHI). Salary matched from Basketball-Reference contracts."
Bam Adebayo,1628389,MIA,,trade_target,37096620.0,Basketball-Reference contracts (https://www.basketball-reference.com/contracts/players.html) (pulled 2026-06-24),"Pool: real nba_api rotation players (latest season, >= 1000 min, excluding PHI). Salary matched from Basketball-Reference contracts."
Baylor Scheierman,1631248,BOS,,trade_target,2619000.0,Basketball-Reference contracts (https://www.basketball-reference.com/contracts/players.html) (pulled 2026-06-24),"Pool: real nba_api rotation players (latest season, >= 1000 min, excluding PHI). Salary matched from Basketball-Reference contracts."
Ben Sheppard,1641767,IND,,trade_target,2790720.0,Basketball-Reference contracts (https://www.basketball-reference.com/contracts/players.html) (pulled 2026-06-24),"Pool: real nba_api rotation players (latest season, >= 1000 min, excluding PHI). Salary matched from Basketball-Reference contracts."
Bennedict Mathurin,1631097,LAC,,trade_target,9187573.0,Basketball-Reference contracts (https://www.basketball-reference.com/contracts/players.html) (pulled 2026-06-24),"Pool: real nba_api rotation players (latest season, >= 1000 min, excluding PHI). Salary matched from Basketball-Reference contracts."
Bilal Coulibaly,1641731,WAS,,trade_target,7275600.0,Basketball-Reference contracts (https://www.basketball-reference.com/contracts/players.html) (pulled 2026-06-24),"Pool: real nba_api rotation players (latest season, >= 1000 min, excluding PHI). Salary matched from Basketball-Reference contracts."
Bobby Portis,1626171,MIL,,trade_target,13445754.0,Basketball-Reference contracts (https://www.basketball-reference.com/contracts/players.html) (pulled 2026-06-24),"Pool: real nba_api rotation players (latest season, >= 1000 min, excluding PHI). Salary matched from Basketball-Reference contracts."
Bones Hyland,1630538,MIN,,trade_target,2296274.0,Basketball-Reference contracts (https://www.basketball-reference.com/contracts/players.html) (pulled 2026-06-24),"Pool: real nba_api rotation players (latest season, >= 1000 min, excluding PHI). Salary matched from Basketball-Reference contracts."
Brandin Podziemski,1641764,GSW,,trade_target,3687960.0,Basketball-Reference contracts (https://www.basketball-reference.com/contracts/players.html) (pulled 2026-06-24),"Pool: real nba_api rotation players (latest season, >= 1000 min, excluding PHI). Salary matched from Basketball-Reference contracts."
Brandon Ingram,1627742,TOR,,trade_target,38095238.0,Basketball-Reference contracts (https://www.basketball-reference.com/contracts/players.html) (pulled 2026-06-24),"Pool: real nba_api rotation players (latest season, >= 1000 min, excluding PHI). Salary matched from Basketball-Reference contracts."
Brandon Miller,1641706,CHA,,trade_target,11968800.0,Basketball-Reference contracts (https://www.basketball-reference.com/contracts/players.html) (pulled 2026-06-24),"Pool: real nba_api rotation players (latest season, >= 1000 min, excluding PHI). Salary matched from Basketball-Reference contracts."
Brandon Williams,1630314,DAL,,trade_target,2270735.0,Basketball-Reference contracts (https://www.basketball-reference.com/contracts/players.html) (pulled 2026-06-24),"Pool: real nba_api rotation players (latest season, >= 1000 min, excluding PHI). Salary matched from Basketball-Reference contracts."
Brice Sensabaugh,1641729,UTA,,trade_target,2693760.0,Basketball-Reference contracts (https://www.basketball-reference.com/contracts/players.html) (pulled 2026-06-24),"Pool: real nba_api rotation players (latest season, >= 1000 min, excluding PHI). Salary matched from Basketball-Reference contracts."
Brook Lopez,201572,LAC,,trade_target,8750000.0,Basketball-Reference contracts (https://www.basketball-reference.com/contracts/players.html) (pulled 2026-06-24),"Pool: real nba_api rotation players (latest season, >= 1000 min, excluding PHI). Salary matched from Basketball-Reference contracts."
Bruce Brown,1628971,DEN,,trade_target,2296274.0,Basketball-Reference contracts (https://www.basketball-reference.com/contracts/players.html) (pulled 2026-06-24),"Pool: real nba_api rotation players (latest season, >= 1000 min, excluding PHI). Salary matched from Basketball-Reference contracts."
Bub Carrington,1642267,WAS,,trade_target,4677600.0,Basketball-Reference contracts (https://www.basketball-reference.com/contracts/players.html) (pulled 2026-06-24),"Pool: real nba_api rotation players (latest season, >= 1000 min, excluding PHI). Salary matched from Basketball-Reference contracts."
CJ McCollum,203468,ATL,,trade_target,30666666.0,Basketball-Reference contracts (https://www.basketball-reference.com/contracts/players.html) (pulled 2026-06-24),"Pool: real nba_api rotation players (latest season, >= 1000 min, excluding PHI). Salary matched from Basketball-Reference contracts."
Cade Cunningham,1630595,DET,,trade_target,46394100.0,Basketball-Reference contracts (https://www.basketball-reference.com/contracts/players.html) (pulled 2026-06-24),"Pool: real nba_api rotation players (latest season, >= 1000 min, excluding PHI). Salary matched from Basketball-Reference contracts."
Caleb Love,1631126,POR,,manual_watchlist,,missing,"Pool: real nba_api rotation players (latest season, >= 1000 min, excluding PHI). No salary matched online - add a real value manually."
Cam Spencer,1642285,MEM,,trade_target,2537989.0,Basketball-Reference contracts (https://www.basketball-reference.com/contracts/players.html) (pulled 2026-06-24),"Pool: real nba_api rotation players (latest season, >= 1000 min, excluding PHI). Salary matched from Basketball-Reference contracts."
Cameron Johnson,1629661,DEN,,trade_target,21057065.0,Basketball-Reference contracts (https://www.basketball-reference.com/contracts/players.html) (pulled 2026-06-24),"Pool: real nba_api rotation players (latest season, >= 1000 min, excluding PHI). Salary matched from Basketball-Reference contracts."
Caris LeVert,1627747,DET,,trade_target,14104000.0,Basketball-Reference contracts (https://www.basketball-reference.com/contracts/players.html) (pulled 2026-06-24),"Pool: real nba_api rotation players (latest season, >= 1000 min, excluding PHI). Salary matched from Basketball-Reference contracts."
Cason Wallace,1641717,OKC,,trade_target,5820240.0,Basketball-Reference contracts (https://www.basketball-reference.com/contracts/players.html) (pulled 2026-06-24),"Pool: real nba_api rotation players (latest season, >= 1000 min, excluding PHI). Salary matched from Basketball-Reference contracts."
Cedric Coward,1642907,MEM,,trade_target,5715120.0,Basketball-Reference contracts (https://www.basketball-reference.com/contracts/players.html) (pulled 2026-06-24),"Pool: real nba_api rotation players (latest season, >= 1000 min, excluding PHI). Salary matched from Basketball-Reference contracts."
Chet Holmgren,1631096,OKC,,trade_target,13731368.0,Basketball-Reference contracts (https://www.basketball-reference.com/contracts/players.html) (pulled 2026-06-24),"Pool: real nba_api rotation players (latest season, >= 1000 min, excluding PHI). Salary matched from Basketball-Reference contracts."
Christian Braun,1631128,DEN,,trade_target,4921797.0,Basketball-Reference contracts (https://www.basketball-reference.com/contracts/players.html) (pulled 2026-06-24),"Pool: real nba_api rotation players (latest season, >= 1000 min, excluding PHI). Salary matched from Basketball-Reference contracts."
Coby White,1629632,CHA,,trade_target,12888889.0,Basketball-Reference contracts (https://www.basketball-reference.com/contracts/players.html) (pulled 2026-06-24),"Pool: real nba_api rotation players (latest season, >= 1000 min, excluding PHI). Salary matched from Basketball-Reference contracts."
Cody Williams,1642262,UTA,,trade_target,5742480.0,Basketball-Reference contracts (https://www.basketball-reference.com/contracts/players.html) (pulled 2026-06-24),"Pool: real nba_api rotation players (latest season, >= 1000 min, excluding PHI). Salary matched from Basketball-Reference contracts."
Collin Gillespie,1631221,PHX,,trade_target,2296274.0,Basketball-Reference contracts (https://www.basketball-reference.com/contracts/players.html) (pulled 2026-06-24),"Pool: real nba_api rotation players (latest season, >= 1000 min, excluding PHI). Salary matched from Basketball-Reference contracts."
Collin Murray-Boyles,1642867,TOR,,trade_target,6332520.0,Basketball-Reference contracts (https://www.basketball-reference.com/contracts/players.html) (pulled 2026-06-24),"Pool: real nba_api rotation players (latest season, >= 1000 min, excluding PHI). Salary matched from Basketball-Reference contracts."
Collin Sexton,1629012,CHI,,trade_target,18975000.0,Basketball-Reference contracts (https://www.basketball-reference.com/contracts/players.html) (pulled 2026-06-24),"Pool: real nba_api rotation players (latest season, >= 1000 min, excluding PHI). Salary matched from Basketball-Reference contracts."
Cooper Flagg,1642843,DAL,,trade_target,13825920.0,Basketball-Reference contracts (https://www.basketball-reference.com/contracts/players.html) (pulled 2026-06-24),"Pool: real nba_api rotation players (latest season, >= 1000 min, excluding PHI). Salary matched from Basketball-Reference contracts."
Corey Kispert,1630557,ATL,,trade_target,13975000.0,Basketball-Reference contracts (https://www.basketball-reference.com/contracts/players.html) (pulled 2026-06-24),"Pool: real nba_api rotation players (latest season, >= 1000 min, excluding PHI). Salary matched from Basketball-Reference contracts."
Craig Porter Jr.,1641854,CLE,,trade_target,2221677.0,Basketball-Reference contracts (https://www.basketball-reference.com/contracts/players.html) (pulled 2026-06-24),"Pool: real nba_api rotation players (latest season, >= 1000 min, excluding PHI). Salary matched from Basketball-Reference contracts."
Daniel Gafford,1629655,DAL,,trade_target,14386320.0,Basketball-Reference contracts (https://www.basketball-reference.com/contracts/players.html) (pulled 2026-06-24),"Pool: real nba_api rotation players (latest season, >= 1000 min, excluding PHI). Salary matched from Basketball-Reference contracts."
Daniss Jenkins,1642450,DET,,trade_target,3809524.0,Basketball-Reference contracts (https://www.basketball-reference.com/contracts/players.html) (pulled 2026-06-24),"Pool: real nba_api rotation players (latest season, >= 1000 min, excluding PHI). Salary matched from Basketball-Reference contracts."
Danny Wolf,1642874,BKN,,trade_target,2801280.0,Basketball-Reference contracts (https://www.basketball-reference.com/contracts/players.html) (pulled 2026-06-24),"Pool: real nba_api rotation players (latest season, >= 1000 min, excluding PHI). Salary matched from Basketball-Reference contracts."
Darius Garland,1629636,LAC,,trade_target,39446090.0,Basketball-Reference contracts (https://www.basketball-reference.com/contracts/players.html) (pulled 2026-06-24),"Pool: real nba_api rotation players (latest season, >= 1000 min, excluding PHI). Salary matched from Basketball-Reference contracts."
Davion Mitchell,1630558,MIA,,trade_target,11600000.0,Basketball-Reference contracts (https://www.basketball-reference.com/contracts/players.html) (pulled 2026-06-24),"Pool: real nba_api rotation players (latest season, >= 1000 min, excluding PHI). Salary matched from Basketball-Reference contracts."
Day'Ron Sharpe,1630549,BKN,,trade_target,6250000.0,Basketball-Reference contracts (https://www.basketball-reference.com/contracts/players.html) (pulled 2026-06-24),"Pool: real nba_api rotation players (latest season, >= 1000 min, excluding PHI). Salary matched from Basketball-Reference contracts."
De'Aaron Fox,1628368,SAS,,trade_target,37096620.0,Basketball-Reference contracts (https://www.basketball-reference.com/contracts/players.html) (pulled 2026-06-24),"Pool: real nba_api rotation players (latest season, >= 1000 min, excluding PHI). Salary matched from Basketball-Reference contracts."
De'Andre Hunter,1629631,SAC,,trade_target,23303571.0,Basketball-Reference contracts (https://www.basketball-reference.com/contracts/players.html) (pulled 2026-06-24),"Pool: real nba_api rotation players (latest season, >= 1000 min, excluding PHI). Salary matched from Basketball-Reference contracts."
De'Anthony Melton,1629001,GSW,,trade_target,3080921.0,Basketball-Reference contracts (https://www.basketball-reference.com/contracts/players.html) (pulled 2026-06-24),"Pool: real nba_api rotation players (latest season, >= 1000 min, excluding PHI). Salary matched from Basketball-Reference contracts."
DeMar DeRozan,201942,SAC,,trade_target,24570000.0,Basketball-Reference contracts (https://www.basketball-reference.com/contracts/players.html) (pulled 2026-06-24),"Pool: real nba_api rotation players (latest season, >= 1000 min, excluding PHI). Salary matched from Basketball-Reference contracts."
Dean Wade,1629731,CLE,,trade_target,6623456.0,Basketball-Reference contracts (https://www.basketball-reference.com/contracts/players.html) (pulled 2026-06-24),"Pool: real nba_api rotation players (latest season, >= 1000 min, excluding PHI). Salary matched from Basketball-Reference contracts."
Deandre Ayton,1629028,LAL,,trade_target,33654814.0,Basketball-Reference contracts (https://www.basketball-reference.com/contracts/players.html) (pulled 2026-06-24),"Pool: real nba_api rotation players (latest season, >= 1000 min, excluding PHI). Salary matched from Basketball-Reference contracts."
Deni Avdija,1630166,POR,,trade_target,14375000.0,Basketball-Reference contracts (https://www.basketball-reference.com/contracts/players.html) (pulled 2026-06-24),"Pool: real nba_api rotation players (latest season, >= 1000 min, excluding PHI). Salary matched from Basketball-Reference contracts."
Dennis Schröder,203471,CLE,,trade_target,14104000.0,Basketball-Reference contracts (https://www.basketball-reference.com/contracts/players.html) (pulled 2026-06-24),"Pool: real nba_api rotation players (latest season, >= 1000 min, excluding PHI). Salary matched from Basketball-Reference contracts."
Derik Queen,1642852,NOP,,trade_target,5157960.0,Basketball-Reference contracts (https://www.basketball-reference.com/contracts/players.html) (pulled 2026-06-24),"Pool: real nba_api rotation players (latest season, >= 1000 min, excluding PHI). Salary matched from Basketball-Reference contracts."
Derrick Jones Jr.,1627884,LAC,,trade_target,10000000.0,Basketball-Reference contracts (https://www.basketball-reference.com/contracts/players.html) (pulled 2026-06-24),"Pool: real nba_api rotation players (latest season, >= 1000 min, excluding PHI). Salary matched from Basketball-Reference contracts."
Derrick White,1628401,BOS,,trade_target,28100000.0,Basketball-Reference contracts (https://www.basketball-reference.com/contracts/players.html) (pulled 2026-06-24),"Pool: real nba_api rotation players (latest season, >= 1000 min, excluding PHI). Salary matched from Basketball-Reference contracts."
Desmond Bane,1630217,ORL,,trade_target,36725670.0,Basketball-Reference contracts (https://www.basketball-reference.com/contracts/players.html) (pulled 2026-06-24),"Pool: real nba_api rotation players (latest season, >= 1000 min, excluding PHI). Salary matched from Basketball-Reference contracts."
Devin Booker,1626164,PHX,,trade_target,53142264.0,Basketball-Reference contracts (https://www.basketball-reference.com/contracts/players.html) (pulled 2026-06-24),"Pool: real nba_api rotation players (latest season, >= 1000 min, excluding PHI). Salary matched from Basketball-Reference contracts."
Devin Vassell,1630170,SAS,,trade_target,27000000.0,Basketball-Reference contracts (https://www.basketball-reference.com/contracts/players.html) (pulled 2026-06-24),"Pool: real nba_api rotation players (latest season, >= 1000 min, excluding PHI). Salary matched from Basketball-Reference contracts."
Dillon Brooks,1628415,PHX,,trade_target,21124110.0,Basketball-Reference contracts (https://www.basketball-reference.com/contracts/players.html) (pulled 2026-06-24),"Pool: real nba_api rotation players (latest season, >= 1000 min, excluding PHI). Salary matched from Basketball-Reference contracts."
Donovan Clingan,1642270,POR,,trade_target,7178400.0,Basketball-Reference contracts (https://www.basketball-reference.com/contracts/players.html) (pulled 2026-06-24),"Pool: real nba_api rotation players (latest season, >= 1000 min, excluding PHI). Salary matched from Basketball-Reference contracts."
Donovan Mitchell,1628378,CLE,,trade_target,46394100.0,Basketball-Reference contracts (https://www.basketball-reference.com/contracts/players.html) (pulled 2026-06-24),"Pool: real nba_api rotation players (latest season, >= 1000 min, excluding PHI). Salary matched from Basketball-Reference contracts."
Donte DiVincenzo,1628978,MIN,,trade_target,11990000.0,Basketball-Reference contracts (https://www.basketball-reference.com/contracts/players.html) (pulled 2026-06-24),"Pool: real nba_api rotation players (latest season, >= 1000 min, excluding PHI). Salary matched from Basketball-Reference contracts."
Drake Powell,1642962,BKN,,trade_target,3372240.0,Basketball-Reference contracts (https://www.basketball-reference.com/contracts/players.html) (pulled 2026-06-24),"Pool: real nba_api rotation players (latest season, >= 1000 min, excluding PHI). Salary matched from Basketball-Reference contracts."
Draymond Green,203110,GSW,,trade_target,25892857.0,Basketball-Reference contracts (https://www.basketball-reference.com/contracts/players.html) (pulled 2026-06-24),"Pool: real nba_api rotation players (latest season, >= 1000 min, excluding PHI). Salary matched from Basketball-Reference contracts."
Dru Smith,1630696,MIA,,trade_target,2378870.0,Basketball-Reference contracts (https://www.basketball-reference.com/contracts/players.html) (pulled 2026-06-24),"Pool: real nba_api rotation players (latest season, >= 1000 min, excluding PHI). Salary matched from Basketball-Reference contracts."
Duncan Robinson,1629130,DET,,trade_target,16834692.0,Basketball-Reference contracts (https://www.basketball-reference.com/contracts/players.html) (pulled 2026-06-24),"Pool: real nba_api rotation players (latest season, >= 1000 min, excluding PHI). Salary matched from Basketball-Reference contracts."
Dylan Harper,1642844,SAS,,trade_target,12370320.0,Basketball-Reference contracts (https://www.basketball-reference.com/contracts/players.html) (pulled 2026-06-24),"Pool: real nba_api rotation players (latest season, >= 1000 min, excluding PHI). Salary matched from Basketball-Reference contracts."
Dyson Daniels,1630700,ATL,,trade_target,7707709.0,Basketball-Reference contracts (https://www.basketball-reference.com/contracts/players.html) (pulled 2026-06-24),"Pool: real nba_api rotation players (latest season, >= 1000 min, excluding PHI). Salary matched from Basketball-Reference contracts."
Egor Dëmin,1642856,BKN,,manual_watchlist,,missing,"Pool: real nba_api rotation players (latest season, >= 1000 min, excluding PHI). No salary matched online - add a real value manually."
Evan Mobley,1630596,CLE,,trade_target,46394100.0,Basketball-Reference contracts (https://www.basketball-reference.com/contracts/players.html) (pulled 2026-06-24),"Pool: real nba_api rotation players (latest season, >= 1000 min, excluding PHI). Salary matched from Basketball-Reference contracts."
Franz Wagner,1630532,ORL,,trade_target,38661750.0,Basketball-Reference contracts (https://www.basketball-reference.com/contracts/players.html) (pulled 2026-06-24),"Pool: real nba_api rotation players (latest season, >= 1000 min, excluding PHI). Salary matched from Basketball-Reference contracts."
GG Jackson,1641713,MEM,,manual_watchlist,,missing,"Pool: real nba_api rotation players (latest season, >= 1000 min, excluding PHI). No salary matched online - add a real value manually."
Gary Payton II,1627780,GSW,,trade_target,2296274.0,Basketball-Reference contracts (https://www.basketball-reference.com/contracts/players.html) (pulled 2026-06-24),"Pool: real nba_api rotation players (latest season, >= 1000 min, excluding PHI). Salary matched from Basketball-Reference contracts."
Gary Trent Jr.,1629018,MIL,,trade_target,3697105.0,Basketball-Reference contracts (https://www.basketball-reference.com/contracts/players.html) (pulled 2026-06-24),"Pool: real nba_api rotation players (latest season, >= 1000 min, excluding PHI). Salary matched from Basketball-Reference contracts."
Giannis Antetokounmpo,203507,MIL,,trade_target,54126450.0,Basketball-Reference contracts (https://www.basketball-reference.com/contracts/players.html) (pulled 2026-06-24),"Pool: real nba_api rotation players (latest season, >= 1000 min, excluding PHI). Salary matched from Basketball-Reference contracts."
Gradey Dick,1641711,TOR,,trade_target,4990560.0,Basketball-Reference contracts (https://www.basketball-reference.com/contracts/players.html) (pulled 2026-06-24),"Pool: real nba_api rotation players (latest season, >= 1000 min, excluding PHI). Salary matched from Basketball-Reference contracts."
Grayson Allen,1628960,PHX,,trade_target,16875000.0,Basketball-Reference contracts (https://www.basketball-reference.com/contracts/players.html) (pulled 2026-06-24),"Pool: real nba_api rotation players (latest season, >= 1000 min, excluding PHI). Salary matched from Basketball-Reference contracts."
Guerschon Yabusele,1627824,CHI,,trade_target,5500000.0,Basketball-Reference contracts (https://www.basketball-reference.com/contracts/players.html) (pulled 2026-06-24),"Pool: real nba_api rotation players (latest season, >= 1000 min, excluding PHI). Salary matched from Basketball-Reference contracts."
Gui Santos,1630611,GSW,,trade_target,2221677.0,Basketball-Reference contracts (https://www.basketball-reference.com/contracts/players.html) (pulled 2026-06-24),"Pool: real nba_api rotation players (latest season, >= 1000 min, excluding PHI). Salary matched from Basketball-Reference contracts."
Harrison Barnes,203084,SAS,,trade_target,19000000.0,Basketball-Reference contracts (https://www.basketball-reference.com/contracts/players.html) (pulled 2026-06-24),"Pool: real nba_api rotation players (latest season, >= 1000 min, excluding PHI). Salary matched from Basketball-Reference contracts."
Herbert Jones,1630529,NOP,,trade_target,13937574.0,Basketball-Reference contracts (https://www.basketball-reference.com/contracts/players.html) (pulled 2026-06-24),"Pool: real nba_api rotation players (latest season, >= 1000 min, excluding PHI). Salary matched from Basketball-Reference contracts."
Hugo González,1642864,BOS,,trade_target,2783880.0,Basketball-Reference contracts (https://www.basketball-reference.com/contracts/players.html) (pulled 2026-06-24),"Pool: real nba_api rotation players (latest season, >= 1000 min, excluding PHI). Salary matched from Basketball-Reference contracts."
Immanuel Quickley,1630193,TOR,,trade_target,32500000.0,Basketball-Reference contracts (https://www.basketball-reference.com/contracts/players.html) (pulled 2026-06-24),"Pool: real nba_api rotation players (latest season, >= 1000 min, excluding PHI). Salary matched from Basketball-Reference contracts."
Isaac Okoro,1630171,CHI,,trade_target,11000000.0,Basketball-Reference contracts (https://www.basketball-reference.com/contracts/players.html) (pulled 2026-06-24),"Pool: real nba_api rotation players (latest season, >= 1000 min, excluding PHI). Salary matched from Basketball-Reference contracts."
Isaiah Collier,1642268,UTA,,trade_target,2638200.0,Basketball-Reference contracts (https://www.basketball-reference.com/contracts/players.html) (pulled 2026-06-24),"Pool: real nba_api rotation players (latest season, >= 1000 min, excluding PHI). Salary matched from Basketball-Reference contracts."
Isaiah Hartenstein,1628392,OKC,,trade_target,28500000.0,Basketball-Reference contracts (https://www.basketball-reference.com/contracts/players.html) (pulled 2026-06-24),"Pool: real nba_api rotation players (latest season, >= 1000 min, excluding PHI). Salary matched from Basketball-Reference contracts."
Isaiah Joe,1630198,OKC,,trade_target,12362338.0,Basketball-Reference contracts (https://www.basketball-reference.com/contracts/players.html) (pulled 2026-06-24),"Pool: real nba_api rotation players (latest season, >= 1000 min, excluding PHI). Salary matched from Basketball-Reference contracts."
Isaiah Stewart,1630191,DET,,trade_target,15000000.0,Basketball-Reference contracts (https://www.basketball-reference.com/contracts/players.html) (pulled 2026-06-24),"Pool: real nba_api rotation players (latest season, >= 1000 min, excluding PHI). Salary matched from Basketball-Reference contracts."
Ivica Zubac,1627826,IND,,trade_target,18893980.0,Basketball-Reference contracts (https://www.basketball-reference.com/contracts/players.html) (pulled 2026-06-24),"Pool: real nba_api rotation players (latest season, >= 1000 min, excluding PHI). Salary matched from Basketball-Reference contracts."
Ja'Kobe Walter,1642266,TOR,,trade_target,3638160.0,Basketball-Reference contracts (https://www.basketball-reference.com/contracts/players.html) (pulled 2026-06-24),"Pool: real nba_api rotation players (latest season, >= 1000 min, excluding PHI). Salary matched from Basketball-Reference contracts."
Jabari Smith Jr.,1631095,HOU,,trade_target,12350392.0,Basketball-Reference contracts (https://www.basketball-reference.com/contracts/players.html) (pulled 2026-06-24),"Pool: real nba_api rotation players (latest season, >= 1000 min, excluding PHI). Salary matched from Basketball-Reference contracts."
Jaden McDaniels,1630183,MIN,,trade_target,24393104.0,Basketball-Reference contracts (https://www.basketball-reference.com/contracts/players.html) (pulled 2026-06-24),"Pool: real nba_api rotation players (latest season, >= 1000 min, excluding PHI). Salary matched from Basketball-Reference contracts."
Jaime Jaquez Jr.,1631170,MIA,,trade_target,3861600.0,Basketball-Reference contracts (https://www.basketball-reference.com/contracts/players.html) (pulled 2026-06-24),"Pool: real nba_api rotation players (latest season, >= 1000 min, excluding PHI). Salary matched from Basketball-Reference contracts."
Jake LaRavia,1631222,LAL,,trade_target,6000000.0,Basketball-Reference contracts (https://www.basketball-reference.com/contracts/players.html) (pulled 2026-06-24),"Pool: real nba_api rotation players (latest season, >= 1000 min, excluding PHI). Salary matched from Basketball-Reference contracts."
Jakob Poeltl,1627751,TOR,,trade_target,19500000.0,Basketball-Reference contracts (https://www.basketball-reference.com/contracts/players.html) (pulled 2026-06-24),"Pool: real nba_api rotation players (latest season, >= 1000 min, excluding PHI). Salary matched from Basketball-Reference contracts."
Jalen Brunson,1628973,NYK,,trade_target,34944001.0,Basketball-Reference contracts (https://www.basketball-reference.com/contracts/players.html) (pulled 2026-06-24),"Pool: real nba_api rotation players (latest season, >= 1000 min, excluding PHI). Salary matched from Basketball-Reference contracts."
Jalen Duren,1631105,DET,,trade_target,6483144.0,Basketball-Reference contracts (https://www.basketball-reference.com/contracts/players.html) (pulled 2026-06-24),"Pool: real nba_api rotation players (latest season, >= 1000 min, excluding PHI). Salary matched from Basketball-Reference contracts."
Jalen Johnson,1630552,ATL,,trade_target,30000000.0,Basketball-Reference contracts (https://www.basketball-reference.com/contracts/players.html) (pulled 2026-06-24),"Pool: real nba_api rotation players (latest season, >= 1000 min, excluding PHI). Salary matched from Basketball-Reference contracts."
Jalen Smith,1630188,CHI,,trade_target,9000000.0,Basketball-Reference contracts (https://www.basketball-reference.com/contracts/players.html) (pulled 2026-06-24),"Pool: real nba_api rotation players (latest season, >= 1000 min, excluding PHI). Salary matched from Basketball-Reference contracts."
Jalen Suggs,1630591,ORL,,trade_target,35000000.0,Basketball-Reference contracts (https://www.basketball-reference.com/contracts/players.html) (pulled 2026-06-24),"Pool: real nba_api rotation players (latest season, >= 1000 min, excluding PHI). Salary matched from Basketball-Reference contracts."
Jamal Murray,1627750,DEN,,trade_target,46394100.0,Basketball-Reference contracts (https://www.basketball-reference.com/contracts/players.html) (pulled 2026-06-24),"Pool: real nba_api rotation players (latest season, >= 1000 min, excluding PHI). Salary matched from Basketball-Reference contracts."
Jamal Shead,1642347,TOR,,trade_target,1955377.0,Basketball-Reference contracts (https://www.basketball-reference.com/contracts/players.html) (pulled 2026-06-24),"Pool: real nba_api rotation players (latest season, >= 1000 min, excluding PHI). Salary matched from Basketball-Reference contracts."
James Harden,201935,CLE,,trade_target,39182693.0,Basketball-Reference contracts (https://www.basketball-reference.com/contracts/players.html) (pulled 2026-06-24),"Pool: real nba_api rotation players (latest season, >= 1000 min, excluding PHI). Salary matched from Basketball-Reference contracts."
Jamir Watkins,1642364,WAS,,manual_watchlist,,missing,"Pool: real nba_api rotation players (latest season, >= 1000 min, excluding PHI). No salary matched online - add a real value manually."
Jarace Walker,1641716,IND,,trade_target,6665520.0,Basketball-Reference contracts (https://www.basketball-reference.com/contracts/players.html) (pulled 2026-06-24),"Pool: real nba_api rotation players (latest season, >= 1000 min, excluding PHI). Salary matched from Basketball-Reference contracts."
Jared McCain,1642272,OKC,,trade_target,4221360.0,Basketball-Reference contracts (https://www.basketball-reference.com/contracts/players.html) (pulled 2026-06-24),"Pool: real nba_api rotation players (latest season, >= 1000 min, excluding PHI). Salary matched from Basketball-Reference contracts."
Jaren Jackson Jr.,1628991,UTA,,trade_target,35000000.0,Basketball-Reference contracts (https://www.basketball-reference.com/contracts/players.html) (pulled 2026-06-24),"Pool: real nba_api rotation players (latest season, >= 1000 min, excluding PHI). Salary matched from Basketball-Reference contracts."
Jarred Vanderbilt,1629020,LAL,,trade_target,11571429.0,Basketball-Reference contracts (https://www.basketball-reference.com/contracts/players.html) (pulled 2026-06-24),"Pool: real nba_api rotation players (latest season, >= 1000 min, excluding PHI). Salary matched from Basketball-Reference contracts."
Jarrett Allen,1628386,CLE,,trade_target,20000000.0,Basketball-Reference contracts (https://www.basketball-reference.com/contracts/players.html) (pulled 2026-06-24),"Pool: real nba_api rotation players (latest season, >= 1000 min, excluding PHI). Salary matched from Basketball-Reference contracts."
Javonte Green,1629750,DET,,trade_target,2296274.0,Basketball-Reference contracts (https://www.basketball-reference.com/contracts/players.html) (pulled 2026-06-24),"Pool: real nba_api rotation players (latest season, >= 1000 min, excluding PHI). Salary matched from Basketball-Reference contracts."
Jaxson Hayes,1629637,LAL,,trade_target,3449323.0,Basketball-Reference contracts (https://www.basketball-reference.com/contracts/players.html) (pulled 2026-06-24),"Pool: real nba_api rotation players (latest season, >= 1000 min, excluding PHI). Salary matched from Basketball-Reference contracts."
Jay Huff,1630643,IND,,trade_target,2349578.0,Basketball-Reference contracts (https://www.basketball-reference.com/contracts/players.html) (pulled 2026-06-24),"Pool: real nba_api rotation players (latest season, >= 1000 min, excluding PHI). Salary matched from Basketball-Reference contracts."
Jaylen Brown,1627759,BOS,,trade_target,53142264.0,Basketball-Reference contracts (https://www.basketball-reference.com/contracts/players.html) (pulled 2026-06-24),"Pool: real nba_api rotation players (latest season, >= 1000 min, excluding PHI). Salary matched from Basketball-Reference contracts."
Jaylen Wells,1642377,MEM,,trade_target,1955377.0,Basketball-Reference contracts (https://www.basketball-reference.com/contracts/players.html) (pulled 2026-06-24),"Pool: real nba_api rotation players (latest season, >= 1000 min, excluding PHI). Salary matched from Basketball-Reference contracts."
Jaylin Williams,1631119,OKC,,trade_target,8450704.0,Basketball-Reference contracts (https://www.basketball-reference.com/contracts/players.html) (pulled 2026-06-24),"Pool: real nba_api rotation players (latest season, >= 1000 min, excluding PHI). Salary matched from Basketball-Reference contracts."
Jaylon Tyson,1642281,CLE,,trade_target,3492480.0,Basketball-Reference contracts (https://www.basketball-reference.com/contracts/players.html) (pulled 2026-06-24),"Pool: real nba_api rotation players (latest season, >= 1000 min, excluding PHI). Salary matched from Basketball-Reference contracts."
Jerami Grant,203924,POR,,trade_target,32000001.0,Basketball-Reference contracts (https://www.basketball-reference.com/contracts/players.html) (pulled 2026-06-24),"Pool: real nba_api rotation players (latest season, >= 1000 min, excluding PHI). Salary matched from Basketball-Reference contracts."
Jeremiah Fears,1642847,NOP,,trade_target,7520040.0,Basketball-Reference contracts (https://www.basketball-reference.com/contracts/players.html) (pulled 2026-06-24),"Pool: real nba_api rotation players (latest season, >= 1000 min, excluding PHI). Salary matched from Basketball-Reference contracts."
Jericho Sims,1630579,MIL,,trade_target,2461463.0,Basketball-Reference contracts (https://www.basketball-reference.com/contracts/players.html) (pulled 2026-06-24),"Pool: real nba_api rotation players (latest season, >= 1000 min, excluding PHI). Salary matched from Basketball-Reference contracts."
Jimmy Butler III,202710,GSW,,manual_watchlist,,missing,"Pool: real nba_api rotation players (latest season, >= 1000 min, excluding PHI). No salary matched online - add a real value manually."
Jock Landale,1629111,ATL,,trade_target,2296274.0,Basketball-Reference contracts (https://www.basketball-reference.com/contracts/players.html) (pulled 2026-06-24),"Pool: real nba_api rotation players (latest season, >= 1000 min, excluding PHI). Salary matched from Basketball-Reference contracts."
John Collins,1628381,LAC,,trade_target,26580000.0,Basketball-Reference contracts (https://www.basketball-reference.com/contracts/players.html) (pulled 2026-06-24),"Pool: real nba_api rotation players (latest season, >= 1000 min, excluding PHI). Salary matched from Basketball-Reference contracts."
John Konchar,1629723,UTA,,trade_target,6165000.0,Basketball-Reference contracts (https://www.basketball-reference.com/contracts/players.html) (pulled 2026-06-24),"Pool: real nba_api rotation players (latest season, >= 1000 min, excluding PHI). Salary matched from Basketball-Reference contracts."
Jordan Clarkson,203903,NYK,,trade_target,12947835.0,Basketball-Reference contracts (https://www.basketball-reference.com/contracts/players.html) (pulled 2026-06-24),"Pool: real nba_api rotation players (latest season, >= 1000 min, excluding PHI). Salary matched from Basketball-Reference contracts."
Jordan Goodwin,1630692,PHX,,trade_target,2349578.0,Basketball-Reference contracts (https://www.basketball-reference.com/contracts/players.html) (pulled 2026-06-24),"Pool: real nba_api rotation players (latest season, >= 1000 min, excluding PHI). Salary matched from Basketball-Reference contracts."
Jordan Miller,1641757,LAC,,trade_target,712637.0,Basketball-Reference contracts (https://www.basketball-reference.com/contracts/players.html) (pulled 2026-06-24),"Pool: real nba_api rotation players (latest season, >= 1000 min, excluding PHI). Salary matched from Basketball-Reference contracts."
Jordan Walsh,1641775,BOS,,trade_target,2221677.0,Basketball-Reference contracts (https://www.basketball-reference.com/contracts/players.html) (pulled 2026-06-24),"Pool: real nba_api rotation players (latest season, >= 1000 min, excluding PHI). Salary matched from Basketball-Reference contracts."
Jose Alvarado,1630631,NYK,,trade_target,4500000.0,Basketball-Reference contracts (https://www.basketball-reference.com/contracts/players.html) (pulled 2026-06-24),"Pool: real nba_api rotation players (latest season, >= 1000 min, excluding PHI). Salary matched from Basketball-Reference contracts."
Josh Giddey,1630581,CHI,,trade_target,25000000.0,Basketball-Reference contracts (https://www.basketball-reference.com/contracts/players.html) (pulled 2026-06-24),"Pool: real nba_api rotation players (latest season, >= 1000 min, excluding PHI). Salary matched from Basketball-Reference contracts."
Josh Hart,1628404,NYK,,trade_target,19472240.0,Basketball-Reference contracts (https://www.basketball-reference.com/contracts/players.html) (pulled 2026-06-24),"Pool: real nba_api rotation players (latest season, >= 1000 min, excluding PHI). Salary matched from Basketball-Reference contracts."
Josh Okogie,1629006,HOU,,trade_target,2296274.0,Basketball-Reference contracts (https://www.basketball-reference.com/contracts/players.html) (pulled 2026-06-24),"Pool: real nba_api rotation players (latest season, >= 1000 min, excluding PHI). Salary matched from Basketball-Reference contracts."
Jrue Holiday,201950,POR,,trade_target,32400000.0,Basketball-Reference contracts (https://www.basketball-reference.com/contracts/players.html) (pulled 2026-06-24),"Pool: real nba_api rotation players (latest season, >= 1000 min, excluding PHI). Salary matched from Basketball-Reference contracts."
Julian Champagnie,1630577,SAS,,trade_target,3000000.0,Basketball-Reference contracts (https://www.basketball-reference.com/contracts/players.html) (pulled 2026-06-24),"Pool: real nba_api rotation players (latest season, >= 1000 min, excluding PHI). Salary matched from Basketball-Reference contracts."
Julius Randle,203944,MIN,,trade_target,30864198.0,Basketball-Reference contracts (https://www.basketball-reference.com/contracts/players.html) (pulled 2026-06-24),"Pool: real nba_api rotation players (latest season, >= 1000 min, excluding PHI). Salary matched from Basketball-Reference contracts."
Justin Champagnie,1630551,WAS,,trade_target,2349578.0,Basketball-Reference contracts (https://www.basketball-reference.com/contracts/players.html) (pulled 2026-06-24),"Pool: real nba_api rotation players (latest season, >= 1000 min, excluding PHI). Salary matched from Basketball-Reference contracts."
Jusuf Nurkić,203994,UTA,,trade_target,19375000.0,Basketball-Reference contracts (https://www.basketball-reference.com/contracts/players.html) (pulled 2026-06-24),"Pool: real nba_api rotation players (latest season, >= 1000 min, excluding PHI). Salary matched from Basketball-Reference contracts."
Karl-Anthony Towns,1626157,NYK,,trade_target,53142264.0,Basketball-Reference contracts (https://www.basketball-reference.com/contracts/players.html) (pulled 2026-06-24),"Pool: real nba_api rotation players (latest season, >= 1000 min, excluding PHI). Salary matched from Basketball-Reference contracts."
Kawhi Leonard,202695,LAC,,trade_target,50000000.0,Basketball-Reference contracts (https://www.basketball-reference.com/contracts/players.html) (pulled 2026-06-24),"Pool: real nba_api rotation players (latest season, >= 1000 min, excluding PHI). Salary matched from Basketball-Reference contracts."
Kel'el Ware,1642276,MIA,,trade_target,4443360.0,Basketball-Reference contracts (https://www.basketball-reference.com/contracts/players.html) (pulled 2026-06-24),"Pool: real nba_api rotation players (latest season, >= 1000 min, excluding PHI). Salary matched from Basketball-Reference contracts."
Keldon Johnson,1629640,SAS,,trade_target,17500000.0,Basketball-Reference contracts (https://www.basketball-reference.com/contracts/players.html) (pulled 2026-06-24),"Pool: real nba_api rotation players (latest season, >= 1000 min, excluding PHI). Salary matched from Basketball-Reference contracts."
Kentavious Caldwell-Pope,203484,MEM,,trade_target,21621500.0,Basketball-Reference contracts (https://www.basketball-reference.com/contracts/players.html) (pulled 2026-06-24),"Pool: real nba_api rotation players (latest season, >= 1000 min, excluding PHI). Salary matched from Basketball-Reference contracts."
Keon Ellis,1631165,CLE,,trade_target,2301587.0,Basketball-Reference contracts (https://www.basketball-reference.com/contracts/players.html) (pulled 2026-06-24),"Pool: real nba_api rotation players (latest season, >= 1000 min, excluding PHI). Salary matched from Basketball-Reference contracts."
Kevin Durant,201142,HOU,,trade_target,54708609.0,Basketball-Reference contracts (https://www.basketball-reference.com/contracts/players.html) (pulled 2026-06-24),"Pool: real nba_api rotation players (latest season, >= 1000 min, excluding PHI). Salary matched from Basketball-Reference contracts."
Kevin Huerter,1628989,DET,,trade_target,17991071.0,Basketball-Reference contracts (https://www.basketball-reference.com/contracts/players.html) (pulled 2026-06-24),"Pool: real nba_api rotation players (latest season, >= 1000 min, excluding PHI). Salary matched from Basketball-Reference contracts."
Kevin Porter Jr.,1629645,MIL,,trade_target,5134000.0,Basketball-Reference contracts (https://www.basketball-reference.com/contracts/players.html) (pulled 2026-06-24),"Pool: real nba_api rotation players (latest season, >= 1000 min, excluding PHI). Salary matched from Basketball-Reference contracts."
Keyonte George,1641718,UTA,,trade_target,4278960.0,Basketball-Reference contracts (https://www.basketball-reference.com/contracts/players.html) (pulled 2026-06-24),"Pool: real nba_api rotation players (latest season, >= 1000 min, excluding PHI). Salary matched from Basketball-Reference contracts."
Khris Middleton,203114,DAL,,trade_target,33296296.0,Basketball-Reference contracts (https://www.basketball-reference.com/contracts/players.html) (pulled 2026-06-24),"Pool: real nba_api rotation players (latest season, >= 1000 min, excluding PHI). Salary matched from Basketball-Reference contracts."
Klay Thompson,202691,DAL,,trade_target,16666667.0,Basketball-Reference contracts (https://www.basketball-reference.com/contracts/players.html) (pulled 2026-06-24),"Pool: real nba_api rotation players (latest season, >= 1000 min, excluding PHI). Salary matched from Basketball-Reference contracts."
Kobe Sanders,1642920,LAC,,trade_target,475497.0,Basketball-Reference contracts (https://www.basketball-reference.com/contracts/players.html) (pulled 2026-06-24),"Pool: real nba_api rotation players (latest season, >= 1000 min, excluding PHI). Salary matched from Basketball-Reference contracts."
Kon Knueppel,1642851,CHA,,trade_target,10015680.0,Basketball-Reference contracts (https://www.basketball-reference.com/contracts/players.html) (pulled 2026-06-24),"Pool: real nba_api rotation players (latest season, >= 1000 min, excluding PHI). Salary matched from Basketball-Reference contracts."
Kris Dunn,1627739,LAC,,trade_target,5426400.0,Basketball-Reference contracts (https://www.basketball-reference.com/contracts/players.html) (pulled 2026-06-24),"Pool: real nba_api rotation players (latest season, >= 1000 min, excluding PHI). Salary matched from Basketball-Reference contracts."
Kris Murray,1631200,POR,,trade_target,3132000.0,Basketball-Reference contracts (https://www.basketball-reference.com/contracts/players.html) (pulled 2026-06-24),"Pool: real nba_api rotation players (latest season, >= 1000 min, excluding PHI). Salary matched from Basketball-Reference contracts."
Kyle Filipowski,1642271,UTA,,trade_target,3000000.0,Basketball-Reference contracts (https://www.basketball-reference.com/contracts/players.html) (pulled 2026-06-24),"Pool: real nba_api rotation players (latest season, >= 1000 min, excluding PHI). Salary matched from Basketball-Reference contracts."
Kyle Kuzma,1628398,MIL,,trade_target,22410605.0,Basketball-Reference contracts (https://www.basketball-reference.com/contracts/players.html) (pulled 2026-06-24),"Pool: real nba_api rotation players (latest season, >= 1000 min, excluding PHI). Salary matched from Basketball-Reference contracts."
Kyshawn George,1642273,WAS,,trade_target,2966760.0,Basketball-Reference contracts (https://www.basketball-reference.com/contracts/players.html) (pulled 2026-06-24),"Pool: real nba_api rotation players (latest season, >= 1000 min, excluding PHI). Salary matched from Basketball-Reference contracts."
LaMelo Ball,1630163,CHA,,trade_target,37958760.0,Basketball-Reference contracts (https://www.basketball-reference.com/contracts/players.html) (pulled 2026-06-24),"Pool: real nba_api rotation players (latest season, >= 1000 min, excluding PHI). Salary matched from Basketball-Reference contracts."
Landry Shamet,1629013,NYK,,trade_target,2296274.0,Basketball-Reference contracts (https://www.basketball-reference.com/contracts/players.html) (pulled 2026-06-24),"Pool: real nba_api rotation players (latest season, >= 1000 min, excluding PHI). Salary matched from Basketball-Reference contracts."
Lauri Markkanen,1628374,UTA,,trade_target,46394100.0,Basketball-Reference contracts (https://www.basketball-reference.com/contracts/players.html) (pulled 2026-06-24),"Pool: real nba_api rotation players (latest season, >= 1000 min, excluding PHI). Salary matched from Basketball-Reference contracts."
LeBron James,2544,LAL,,trade_target,52627153.0,Basketball-Reference contracts (https://www.basketball-reference.com/contracts/players.html) (pulled 2026-06-24),"Pool: real nba_api rotation players (latest season, >= 1000 min, excluding PHI). Salary matched from Basketball-Reference contracts."
Luguentz Dort,1629652,OKC,,trade_target,18222222.0,Basketball-Reference contracts (https://www.basketball-reference.com/contracts/players.html) (pulled 2026-06-24),"Pool: real nba_api rotation players (latest season, >= 1000 min, excluding PHI). Salary matched from Basketball-Reference contracts."
Luka Dončić,1629029,LAL,,trade_target,45999660.0,Basketball-Reference contracts (https://www.basketball-reference.com/contracts/players.html) (pulled 2026-06-24),"Pool: real nba_api rotation players (latest season, >= 1000 min, excluding PHI). Salary matched from Basketball-Reference contracts."
Luka Garza,1630568,BOS,,trade_target,2461463.0,Basketball-Reference contracts (https://www.basketball-reference.com/contracts/players.html) (pulled 2026-06-24),"Pool: real nba_api rotation players (latest season, >= 1000 min, excluding PHI). Salary matched from Basketball-Reference contracts."
Luke Kennard,1628379,LAL,,trade_target,11000000.0,Basketball-Reference contracts (https://www.basketball-reference.com/contracts/players.html) (pulled 2026-06-24),"Pool: real nba_api rotation players (latest season, >= 1000 min, excluding PHI). Salary matched from Basketball-Reference contracts."
Luke Kornet,1628436,SAS,,trade_target,11000000.0,Basketball-Reference contracts (https://www.basketball-reference.com/contracts/players.html) (pulled 2026-06-24),"Pool: real nba_api rotation players (latest season, >= 1000 min, excluding PHI). Salary matched from Basketball-Reference contracts."
Malik Monk,1628370,SAC,,trade_target,18797619.0,Basketball-Reference contracts (https://www.basketball-reference.com/contracts/players.html) (pulled 2026-06-24),"Pool: real nba_api rotation players (latest season, >= 1000 min, excluding PHI). Salary matched from Basketball-Reference contracts."
Marcus Smart,203935,LAL,,trade_target,19920855.0,Basketball-Reference contracts (https://www.basketball-reference.com/contracts/players.html) (pulled 2026-06-24),"Pool: real nba_api rotation players (latest season, >= 1000 min, excluding PHI). Salary matched from Basketball-Reference contracts."
Mark Williams,1631109,PHX,,trade_target,6276531.0,Basketball-Reference contracts (https://www.basketball-reference.com/contracts/players.html) (pulled 2026-06-24),"Pool: real nba_api rotation players (latest season, >= 1000 min, excluding PHI). Salary matched from Basketball-Reference contracts."
Marvin Bagley III,1628963,DAL,,trade_target,2296274.0,Basketball-Reference contracts (https://www.basketball-reference.com/contracts/players.html) (pulled 2026-06-24),"Pool: real nba_api rotation players (latest season, >= 1000 min, excluding PHI). Salary matched from Basketball-Reference contracts."
Matas Buzelis,1641824,CHI,,trade_target,5455560.0,Basketball-Reference contracts (https://www.basketball-reference.com/contracts/players.html) (pulled 2026-06-24),"Pool: real nba_api rotation players (latest season, >= 1000 min, excluding PHI). Salary matched from Basketball-Reference contracts."
Max Christie,1631108,DAL,,trade_target,7714286.0,Basketball-Reference contracts (https://www.basketball-reference.com/contracts/players.html) (pulled 2026-06-24),"Pool: real nba_api rotation players (latest season, >= 1000 min, excluding PHI). Salary matched from Basketball-Reference contracts."
Maxime Raynaud,1642875,SAC,,trade_target,1272870.0,Basketball-Reference contracts (https://www.basketball-reference.com/contracts/players.html) (pulled 2026-06-24),"Pool: real nba_api rotation players (latest season, >= 1000 min, excluding PHI). Salary matched from Basketball-Reference contracts."
Michael Porter Jr.,1629008,BKN,,trade_target,38333050.0,Basketball-Reference contracts (https://www.basketball-reference.com/contracts/players.html) (pulled 2026-06-24),"Pool: real nba_api rotation players (latest season, >= 1000 min, excluding PHI). Salary matched from Basketball-Reference contracts."
Mikal Bridges,1628969,NYK,,trade_target,24900000.0,Basketball-Reference contracts (https://www.basketball-reference.com/contracts/players.html) (pulled 2026-06-24),"Pool: real nba_api rotation players (latest season, >= 1000 min, excluding PHI). Salary matched from Basketball-Reference contracts."
Miles Bridges,1628970,CHA,,trade_target,25000000.0,Basketball-Reference contracts (https://www.basketball-reference.com/contracts/players.html) (pulled 2026-06-24),"Pool: real nba_api rotation players (latest season, >= 1000 min, excluding PHI). Salary matched from Basketball-Reference contracts."
Miles McBride,1630540,NYK,,trade_target,4333333.0,Basketball-Reference contracts (https://www.basketball-reference.com/contracts/players.html) (pulled 2026-06-24),"Pool: real nba_api rotation players (latest season, >= 1000 min, excluding PHI). Salary matched from Basketball-Reference contracts."
Mitchell Robinson,1629011,NYK,,trade_target,12954546.0,Basketball-Reference contracts (https://www.basketball-reference.com/contracts/players.html) (pulled 2026-06-24),"Pool: real nba_api rotation players (latest season, >= 1000 min, excluding PHI). Salary matched from Basketball-Reference contracts."
Moses Moody,1630541,GSW,,trade_target,11574075.0,Basketball-Reference contracts (https://www.basketball-reference.com/contracts/players.html) (pulled 2026-06-24),"Pool: real nba_api rotation players (latest season, >= 1000 min, excluding PHI). Salary matched from Basketball-Reference contracts."
Mouhamed Gueye,1631243,ATL,,trade_target,2221677.0,Basketball-Reference contracts (https://www.basketball-reference.com/contracts/players.html) (pulled 2026-06-24),"Pool: real nba_api rotation players (latest season, >= 1000 min, excluding PHI). Salary matched from Basketball-Reference contracts."
Moussa Diabaté,1631217,CHA,,trade_target,2270735.0,Basketball-Reference contracts (https://www.basketball-reference.com/contracts/players.html) (pulled 2026-06-24),"Pool: real nba_api rotation players (latest season, >= 1000 min, excluding PHI). Salary matched from Basketball-Reference contracts."
Myles Turner,1626167,MIL,,trade_target,25318251.0,Basketball-Reference contracts (https://www.basketball-reference.com/contracts/players.html) (pulled 2026-06-24),"Pool: real nba_api rotation players (latest season, >= 1000 min, excluding PHI). Salary matched from Basketball-Reference contracts."
Nae'Qwan Tomlin,1641772,CLE,,trade_target,718150.0,Basketball-Reference contracts (https://www.basketball-reference.com/contracts/players.html) (pulled 2026-06-24),"Pool: real nba_api rotation players (latest season, >= 1000 min, excluding PHI). Salary matched from Basketball-Reference contracts."
Naji Marshall,1630230,DAL,,trade_target,9000000.0,Basketball-Reference contracts (https://www.basketball-reference.com/contracts/players.html) (pulled 2026-06-24),"Pool: real nba_api rotation players (latest season, >= 1000 min, excluding PHI). Salary matched from Basketball-Reference contracts."
Naz Reid,1629675,MIN,,trade_target,21551724.0,Basketball-Reference contracts (https://www.basketball-reference.com/contracts/players.html) (pulled 2026-06-24),"Pool: real nba_api rotation players (latest season, >= 1000 min, excluding PHI). Salary matched from Basketball-Reference contracts."
Neemias Queta,1629674,BOS,,trade_target,2349578.0,Basketball-Reference contracts (https://www.basketball-reference.com/contracts/players.html) (pulled 2026-06-24),"Pool: real nba_api rotation players (latest season, >= 1000 min, excluding PHI). Salary matched from Basketball-Reference contracts."
Nic Claxton,1629651,BKN,,trade_target,25352272.0,Basketball-Reference contracts (https://www.basketball-reference.com/contracts/players.html) (pulled 2026-06-24),"Pool: real nba_api rotation players (latest season, >= 1000 min, excluding PHI). Salary matched from Basketball-Reference contracts."
Nickeil Alexander-Walker,1629638,ATL,,trade_target,15161800.0,Basketball-Reference contracts (https://www.basketball-reference.com/contracts/players.html) (pulled 2026-06-24),"Pool: real nba_api rotation players (latest season, >= 1000 min, excluding PHI). Salary matched from Basketball-Reference contracts."
Nicolas Batum,201587,LAC,,trade_target,5601600.0,Basketball-Reference contracts (https://www.basketball-reference.com/contracts/players.html) (pulled 2026-06-24),"Pool: real nba_api rotation players (latest season, >= 1000 min, excluding PHI). Salary matched from Basketball-Reference contracts."
Nikola Jokić,203999,DEN,,trade_target,55224526.0,Basketball-Reference contracts (https://www.basketball-reference.com/contracts/players.html) (pulled 2026-06-24),"Pool: real nba_api rotation players (latest season, >= 1000 min, excluding PHI). Salary matched from Basketball-Reference contracts."
Nikola Vučević,202696,BOS,,trade_target,21481481.0,Basketball-Reference contracts (https://www.basketball-reference.com/contracts/players.html) (pulled 2026-06-24),"Pool: real nba_api rotation players (latest season, >= 1000 min, excluding PHI). Salary matched from Basketball-Reference contracts."
Nique Clifford,1642363,SAC,,trade_target,3108120.0,Basketball-Reference contracts (https://www.basketball-reference.com/contracts/players.html) (pulled 2026-06-24),"Pool: real nba_api rotation players (latest season, >= 1000 min, excluding PHI). Salary matched from Basketball-Reference contracts."
Noah Clowney,1641730,BKN,,trade_target,3398640.0,Basketball-Reference contracts (https://www.basketball-reference.com/contracts/players.html) (pulled 2026-06-24),"Pool: real nba_api rotation players (latest season, >= 1000 min, excluding PHI). Salary matched from Basketball-Reference contracts."
Nolan Traore,1642849,BKN,,trade_target,3811560.0,Basketball-Reference contracts (https://www.basketball-reference.com/contracts/players.html) (pulled 2026-06-24),"Pool: real nba_api rotation players (latest season, >= 1000 min, excluding PHI). Salary matched from Basketball-Reference contracts."
Norman Powell,1626181,MIA,,trade_target,20482758.0,Basketball-Reference contracts (https://www.basketball-reference.com/contracts/players.html) (pulled 2026-06-24),"Pool: real nba_api rotation players (latest season, >= 1000 min, excluding PHI). Salary matched from Basketball-Reference contracts."
OG Anunoby,1628384,NYK,,trade_target,39568966.0,Basketball-Reference contracts (https://www.basketball-reference.com/contracts/players.html) (pulled 2026-06-24),"Pool: real nba_api rotation players (latest season, >= 1000 min, excluding PHI). Salary matched from Basketball-Reference contracts."
Onyeka Okongwu,1630168,ATL,,trade_target,15000000.0,Basketball-Reference contracts (https://www.basketball-reference.com/contracts/players.html) (pulled 2026-06-24),"Pool: real nba_api rotation players (latest season, >= 1000 min, excluding PHI). Salary matched from Basketball-Reference contracts."
Oso Ighodaro,1642345,PHX,,trade_target,1955377.0,Basketball-Reference contracts (https://www.basketball-reference.com/contracts/players.html) (pulled 2026-06-24),"Pool: real nba_api rotation players (latest season, >= 1000 min, excluding PHI). Salary matched from Basketball-Reference contracts."
Ousmane Dieng,1631172,MIL,,trade_target,6670882.0,Basketball-Reference contracts (https://www.basketball-reference.com/contracts/players.html) (pulled 2026-06-24),"Pool: real nba_api rotation players (latest season, >= 1000 min, excluding PHI). Salary matched from Basketball-Reference contracts."
P.J. Washington,1629023,DAL,,trade_target,14152174.0,Basketball-Reference contracts (https://www.basketball-reference.com/contracts/players.html) (pulled 2026-06-24),"Pool: real nba_api rotation players (latest season, >= 1000 min, excluding PHI). Salary matched from Basketball-Reference contracts."
Paolo Banchero,1631094,ORL,,trade_target,15334769.0,Basketball-Reference contracts (https://www.basketball-reference.com/contracts/players.html) (pulled 2026-06-24),"Pool: real nba_api rotation players (latest season, >= 1000 min, excluding PHI). Salary matched from Basketball-Reference contracts."
Pascal Siakam,1627783,IND,,trade_target,45550512.0,Basketball-Reference contracts (https://www.basketball-reference.com/contracts/players.html) (pulled 2026-06-24),"Pool: real nba_api rotation players (latest season, >= 1000 min, excluding PHI). Salary matched from Basketball-Reference contracts."
Pat Spencer,1630311,GSW,,trade_target,857804.0,Basketball-Reference contracts (https://www.basketball-reference.com/contracts/players.html) (pulled 2026-06-24),"Pool: real nba_api rotation players (latest season, >= 1000 min, excluding PHI). Salary matched from Basketball-Reference contracts."
Patrick Williams,1630172,CHI,,trade_target,18000000.0,Basketball-Reference contracts (https://www.basketball-reference.com/contracts/players.html) (pulled 2026-06-24),"Pool: real nba_api rotation players (latest season, >= 1000 min, excluding PHI). Salary matched from Basketball-Reference contracts."
Payton Pritchard,1630202,BOS,,trade_target,7232143.0,Basketball-Reference contracts (https://www.basketball-reference.com/contracts/players.html) (pulled 2026-06-24),"Pool: real nba_api rotation players (latest season, >= 1000 min, excluding PHI). Salary matched from Basketball-Reference contracts."
Pelle Larsson,1641796,MIA,,trade_target,1955377.0,Basketball-Reference contracts (https://www.basketball-reference.com/contracts/players.html) (pulled 2026-06-24),"Pool: real nba_api rotation players (latest season, >= 1000 min, excluding PHI). Salary matched from Basketball-Reference contracts."
Peyton Watson,1631212,DEN,,trade_target,4356476.0,Basketball-Reference contracts (https://www.basketball-reference.com/contracts/players.html) (pulled 2026-06-24),"Pool: real nba_api rotation players (latest season, >= 1000 min, excluding PHI). Salary matched from Basketball-Reference contracts."
Precious Achiuwa,1630173,SAC,,trade_target,2111516.0,Basketball-Reference contracts (https://www.basketball-reference.com/contracts/players.html) (pulled 2026-06-24),"Pool: real nba_api rotation players (latest season, >= 1000 min, excluding PHI). Salary matched from Basketball-Reference contracts."
Quinten Post,1642366,GSW,,trade_target,1955377.0,Basketball-Reference contracts (https://www.basketball-reference.com/contracts/players.html) (pulled 2026-06-24),"Pool: real nba_api rotation players (latest season, >= 1000 min, excluding PHI). Salary matched from Basketball-Reference contracts."
RJ Barrett,1629628,TOR,,trade_target,27705357.0,Basketball-Reference contracts (https://www.basketball-reference.com/contracts/players.html) (pulled 2026-06-24),"Pool: real nba_api rotation players (latest season, >= 1000 min, excluding PHI). Salary matched from Basketball-Reference contracts."
Rayan Rupert,1641712,MEM,,trade_target,2353647.0,Basketball-Reference contracts (https://www.basketball-reference.com/contracts/players.html) (pulled 2026-06-24),"Pool: real nba_api rotation players (latest season, >= 1000 min, excluding PHI). Salary matched from Basketball-Reference contracts."
Reed Sheppard,1642263,HOU,,trade_target,10603560.0,Basketball-Reference contracts (https://www.basketball-reference.com/contracts/players.html) (pulled 2026-06-24),"Pool: real nba_api rotation players (latest season, >= 1000 min, excluding PHI). Salary matched from Basketball-Reference contracts."
Robert Williams III,1629057,POR,,manual_watchlist,,missing,"Pool: real nba_api rotation players (latest season, >= 1000 min, excluding PHI). No salary matched online - add a real value manually."
Ronald Holland II,1641842,DET,,manual_watchlist,,missing,"Pool: real nba_api rotation players (latest season, >= 1000 min, excluding PHI). No salary matched online - add a real value manually."
Royce O'Neale,1626220,PHX,,trade_target,10125000.0,Basketball-Reference contracts (https://www.basketball-reference.com/contracts/players.html) (pulled 2026-06-24),"Pool: real nba_api rotation players (latest season, >= 1000 min, excluding PHI). Salary matched from Basketball-Reference contracts."
Rudy Gobert,203497,MIN,,trade_target,35000000.0,Basketball-Reference contracts (https://www.basketball-reference.com/contracts/players.html) (pulled 2026-06-24),"Pool: real nba_api rotation players (latest season, >= 1000 min, excluding PHI). Salary matched from Basketball-Reference contracts."
Rui Hachimura,1629060,LAL,,trade_target,18259259.0,Basketball-Reference contracts (https://www.basketball-reference.com/contracts/players.html) (pulled 2026-06-24),"Pool: real nba_api rotation players (latest season, >= 1000 min, excluding PHI). Salary matched from Basketball-Reference contracts."
Russell Westbrook,201566,SAC,,trade_target,2296274.0,Basketball-Reference contracts (https://www.basketball-reference.com/contracts/players.html) (pulled 2026-06-24),"Pool: real nba_api rotation players (latest season, >= 1000 min, excluding PHI). Salary matched from Basketball-Reference contracts."
Ryan Dunn,1642346,PHX,,trade_target,2657760.0,Basketball-Reference contracts (https://www.basketball-reference.com/contracts/players.html) (pulled 2026-06-24),"Pool: real nba_api rotation players (latest season, >= 1000 min, excluding PHI). Salary matched from Basketball-Reference contracts."
Ryan Kalkbrenner,1641750,CHA,,trade_target,2296274.0,Basketball-Reference contracts (https://www.basketball-reference.com/contracts/players.html) (pulled 2026-06-24),"Pool: real nba_api rotation players (latest season, >= 1000 min, excluding PHI). Salary matched from Basketball-Reference contracts."
Ryan Nembhard,1642948,DAL,,manual_watchlist,,missing,"Pool: real nba_api rotation players (latest season, >= 1000 min, excluding PHI). No salary matched online - add a real value manually."
Ryan Rollins,1631157,MIL,,trade_target,4000000.0,Basketball-Reference contracts (https://www.basketball-reference.com/contracts/players.html) (pulled 2026-06-24),"Pool: real nba_api rotation players (latest season, >= 1000 min, excluding PHI). Salary matched from Basketball-Reference contracts."
Saddiq Bey,1630180,NOP,,trade_target,6118644.0,Basketball-Reference contracts (https://www.basketball-reference.com/contracts/players.html) (pulled 2026-06-24),"Pool: real nba_api rotation players (latest season, >= 1000 min, excluding PHI). Salary matched from Basketball-Reference contracts."
Sam Hauser,1630573,BOS,,trade_target,10044644.0,Basketball-Reference contracts (https://www.basketball-reference.com/contracts/players.html) (pulled 2026-06-24),"Pool: real nba_api rotation players (latest season, >= 1000 min, excluding PHI). Salary matched from Basketball-Reference contracts."
Sam Merrill,1630241,CLE,,trade_target,8482144.0,Basketball-Reference contracts (https://www.basketball-reference.com/contracts/players.html) (pulled 2026-06-24),"Pool: real nba_api rotation players (latest season, >= 1000 min, excluding PHI). Salary matched from Basketball-Reference contracts."
Sandro Mamukelashvili,1630572,TOR,,trade_target,2461463.0,Basketball-Reference contracts (https://www.basketball-reference.com/contracts/players.html) (pulled 2026-06-24),"Pool: real nba_api rotation players (latest season, >= 1000 min, excluding PHI). Salary matched from Basketball-Reference contracts."
Santi Aldama,1630583,MEM,,trade_target,18485916.0,Basketball-Reference contracts (https://www.basketball-reference.com/contracts/players.html) (pulled 2026-06-24),"Pool: real nba_api rotation players (latest season, >= 1000 min, excluding PHI). Salary matched from Basketball-Reference contracts."
Scottie Barnes,1630567,TOR,,trade_target,38661750.0,Basketball-Reference contracts (https://www.basketball-reference.com/contracts/players.html) (pulled 2026-06-24),"Pool: real nba_api rotation players (latest season, >= 1000 min, excluding PHI). Salary matched from Basketball-Reference contracts."
Shaedon Sharpe,1631101,POR,,trade_target,8399983.0,Basketball-Reference contracts (https://www.basketball-reference.com/contracts/players.html) (pulled 2026-06-24),"Pool: real nba_api rotation players (latest season, >= 1000 min, excluding PHI). Salary matched from Basketball-Reference contracts."
Shai Gilgeous-Alexander,1628983,OKC,,trade_target,38333050.0,Basketball-Reference contracts (https://www.basketball-reference.com/contracts/players.html) (pulled 2026-06-24),"Pool: real nba_api rotation players (latest season, >= 1000 min, excluding PHI). Salary matched from Basketball-Reference contracts."
Sidy Cissoko,1631321,POR,,trade_target,686243.0,Basketball-Reference contracts (https://www.basketball-reference.com/contracts/players.html) (pulled 2026-06-24),"Pool: real nba_api rotation players (latest season, >= 1000 min, excluding PHI). Salary matched from Basketball-Reference contracts."
Simone Fontecchio,1631323,MIA,,trade_target,8307692.0,Basketball-Reference contracts (https://www.basketball-reference.com/contracts/players.html) (pulled 2026-06-24),"Pool: real nba_api rotation players (latest season, >= 1000 min, excluding PHI). Salary matched from Basketball-Reference contracts."
Sion James,1642883,CHA,,trade_target,2296274.0,Basketball-Reference contracts (https://www.basketball-reference.com/contracts/players.html) (pulled 2026-06-24),"Pool: real nba_api rotation players (latest season, >= 1000 min, excluding PHI). Salary matched from Basketball-Reference contracts."
Spencer Jones,1642461,DEN,,trade_target,623967.0,Basketball-Reference contracts (https://www.basketball-reference.com/contracts/players.html) (pulled 2026-06-24),"Pool: real nba_api rotation players (latest season, >= 1000 min, excluding PHI). Salary matched from Basketball-Reference contracts."
Stephen Curry,201939,GSW,,trade_target,59606817.0,Basketball-Reference contracts (https://www.basketball-reference.com/contracts/players.html) (pulled 2026-06-24),"Pool: real nba_api rotation players (latest season, >= 1000 min, excluding PHI). Salary matched from Basketball-Reference contracts."
Stephon Castle,1642264,SAS,,trade_target,9560520.0,Basketball-Reference contracts (https://www.basketball-reference.com/contracts/players.html) (pulled 2026-06-24),"Pool: real nba_api rotation players (latest season, >= 1000 min, excluding PHI). Salary matched from Basketball-Reference contracts."
Svi Mykhailiuk,1629004,UTA,,trade_target,3675000.0,Basketball-Reference contracts (https://www.basketball-reference.com/contracts/players.html) (pulled 2026-06-24),"Pool: real nba_api rotation players (latest season, >= 1000 min, excluding PHI). Salary matched from Basketball-Reference contracts."
Tari Eason,1631106,HOU,,trade_target,5675766.0,Basketball-Reference contracts (https://www.basketball-reference.com/contracts/players.html) (pulled 2026-06-24),"Pool: real nba_api rotation players (latest season, >= 1000 min, excluding PHI). Salary matched from Basketball-Reference contracts."
Taylor Hendricks,1641707,MEM,,trade_target,6127080.0,Basketball-Reference contracts (https://www.basketball-reference.com/contracts/players.html) (pulled 2026-06-24),"Pool: real nba_api rotation players (latest season, >= 1000 min, excluding PHI). Salary matched from Basketball-Reference contracts."
Terance Mann,1629611,BKN,,trade_target,15500000.0,Basketball-Reference contracts (https://www.basketball-reference.com/contracts/players.html) (pulled 2026-06-24),"Pool: real nba_api rotation players (latest season, >= 1000 min, excluding PHI). Salary matched from Basketball-Reference contracts."
Tim Hardaway Jr.,203501,DEN,,trade_target,2296274.0,Basketball-Reference contracts (https://www.basketball-reference.com/contracts/players.html) (pulled 2026-06-24),"Pool: real nba_api rotation players (latest season, >= 1000 min, excluding PHI). Salary matched from Basketball-Reference contracts."
Tobias Harris,202699,DET,,trade_target,26634146.0,Basketball-Reference contracts (https://www.basketball-reference.com/contracts/players.html) (pulled 2026-06-24),"Pool: real nba_api rotation players (latest season, >= 1000 min, excluding PHI). Salary matched from Basketball-Reference contracts."
Toumani Camara,1641739,POR,,trade_target,2221677.0,Basketball-Reference contracts (https://www.basketball-reference.com/contracts/players.html) (pulled 2026-06-24),"Pool: real nba_api rotation players (latest season, >= 1000 min, excluding PHI). Salary matched from Basketball-Reference contracts."
Tre Johnson,1642848,WAS,,trade_target,8237640.0,Basketball-Reference contracts (https://www.basketball-reference.com/contracts/players.html) (pulled 2026-06-24),"Pool: real nba_api rotation players (latest season, >= 1000 min, excluding PHI). Salary matched from Basketball-Reference contracts."
Tre Jones,1630200,CHI,,trade_target,8000000.0,Basketball-Reference contracts (https://www.basketball-reference.com/contracts/players.html) (pulled 2026-06-24),"Pool: real nba_api rotation players (latest season, >= 1000 min, excluding PHI). Salary matched from Basketball-Reference contracts."
Trey Murphy III,1630530,NOP,,trade_target,25000000.0,Basketball-Reference contracts (https://www.basketball-reference.com/contracts/players.html) (pulled 2026-06-24),"Pool: real nba_api rotation players (latest season, >= 1000 min, excluding PHI). Salary matched from Basketball-Reference contracts."
Tristan da Silva,1641783,ORL,,trade_target,3809520.0,Basketball-Reference contracts (https://www.basketball-reference.com/contracts/players.html) (pulled 2026-06-24),"Pool: real nba_api rotation players (latest season, >= 1000 min, excluding PHI). Salary matched from Basketball-Reference contracts."
Tyler Herro,1629639,MIA,,trade_target,31000000.0,Basketball-Reference contracts (https://www.basketball-reference.com/contracts/players.html) (pulled 2026-06-24),"Pool: real nba_api rotation players (latest season, >= 1000 min, excluding PHI). Salary matched from Basketball-Reference contracts."
Victor Wembanyama,1641705,SAS,,trade_target,13376880.0,Basketball-Reference contracts (https://www.basketball-reference.com/contracts/players.html) (pulled 2026-06-24),"Pool: real nba_api rotation players (latest season, >= 1000 min, excluding PHI). Salary matched from Basketball-Reference contracts."
Vít Krejčí,1630249,POR,,trade_target,2349578.0,Basketball-Reference contracts (https://www.basketball-reference.com/contracts/players.html) (pulled 2026-06-24),"Pool: real nba_api rotation players (latest season, >= 1000 min, excluding PHI). Salary matched from Basketball-Reference contracts."
Walter Clayton Jr.,1642383,MEM,,manual_watchlist,,missing,"Pool: real nba_api rotation players (latest season, >= 1000 min, excluding PHI). No salary matched online - add a real value manually."
Wendell Carter Jr.,1628976,ORL,,trade_target,10850000.0,Basketball-Reference contracts (https://www.basketball-reference.com/contracts/players.html) (pulled 2026-06-24),"Pool: real nba_api rotation players (latest season, >= 1000 min, excluding PHI). Salary matched from Basketball-Reference contracts."
Will Richard,1642954,GSW,,trade_target,1272870.0,Basketball-Reference contracts (https://www.basketball-reference.com/contracts/players.html) (pulled 2026-06-24),"Pool: real nba_api rotation players (latest season, >= 1000 min, excluding PHI). Salary matched from Basketball-Reference contracts."
Will Riley,1642860,WAS,,trade_target,3512520.0,Basketball-Reference contracts (https://www.basketball-reference.com/contracts/players.html) (pulled 2026-06-24),"Pool: real nba_api rotation players (latest season, >= 1000 min, excluding PHI). Salary matched from Basketball-Reference contracts."
Yves Missi,1642274,NOP,,trade_target,3353040.0,Basketball-Reference contracts (https://www.basketball-reference.com/contracts/players.html) (pulled 2026-06-24),"Pool: real nba_api rotation players (latest season, >= 1000 min, excluding PHI). Salary matched from Basketball-Reference contracts."
Zaccharie Risacher,1642258,ATL,,trade_target,13197720.0,Basketball-Reference contracts (https://www.basketball-reference.com/contracts/players.html) (pulled 2026-06-24),"Pool: real nba_api rotation players (latest season, >= 1000 min, excluding PHI). Salary matched from Basketball-Reference contracts."
Zach LaVine,203897,SAC,,trade_target,47499660.0,Basketball-Reference contracts (https://www.basketball-reference.com/contracts/players.html) (pulled 2026-06-24),"Pool: real nba_api rotation players (latest season, >= 1000 min, excluding PHI). Salary matched from Basketball-Reference contracts."
Ziaire Williams,1630533,BKN,,trade_target,6250000.0,Basketball-Reference contracts (https://www.basketball-reference.com/contracts/players.html) (pulled 2026-06-24),"Pool: real nba_api rotation players (latest season, >= 1000 min, excluding PHI). Salary matched from Basketball-Reference contracts."
Zion Williamson,1629627,NOP,,trade_target,39446090.0,Basketball-Reference contracts (https://www.basketball-reference.com/contracts/players.html) (pulled 2026-06-24),"Pool: real nba_api rotation players (latest season, >= 1000 min, excluding PHI). Salary matched from Basketball-Reference contracts."
